{"C0": 0.978045, "C0^2": 0.956572}